expectedGuests,foodType,freshnessHours,surplusEstimate
354,2,6,102
53,3,7,11
528,3,2,162
66,2,7,13
502,2,6,136
668,3,11,152
456,3,8,122
570,1,4,150
176,1,10,33
500,3,11,119
210,3,5,48
988,2,9,319
299,3,11,71
306,2,5,91
169,1,7,29
786,3,12,233
351,2,2,76
969,3,10,256
839,2,7,243
711,1,6,160
679,3,11,213
562,2,4,141
662,3,12,207
173,1,11,41
876,2,2,225
352,2,3,102
274,1,8,48
866,3,3,193
349,2,7,76
617,3,12,179
498,2,8,143
907,3,4,265
576,2,8,162
292,1,12,64
441,1,6,108
551,2,5,144
816,3,2,218
165,3,8,32
431,2,3,112
62,2,6,17
182,1,5,37
579,1,4,120
852,2,12,243
72,1,10,12
853,2,5,226
517,1,2,147
899,3,5,235
482,1,10,82
977,1,6,269
384,3,5,81
237,1,4,56
913,1,10,186
896,1,2,204
188,3,7,36
868,2,11,282
970,3,8,218
119,3,12,22
312,1,12,46
298,3,5,66
784,2,4,252
284,1,2,43
902,1,3,237
432,1,4,102
384,2,2,83
827,1,10,181
50,1,5,9
892,3,6,251
83,2,10,21
846,1,9,249
753,1,2,189
384,1,3,84
345,2,11,72
368,2,12,99
678,3,4,210
295,3,10,58
884,1,2,251
357,1,5,64
248,1,4,38
282,3,5,67
349,3,9,75
510,1,3,134
322,3,11,59
753,3,6,191
104,3,4,18
366,1,8,61
149,1,3,23
427,1,8,67
937,2,11,286
83,3,2,20
687,2,6,184
797,1,10,224
705,1,2,145
789,3,12,246
486,3,10,115
701,3,2,209
440,3,11,95
852,1,4,212
869,3,8,227
822,2,5,256
53,2,8,15
418,3,6,91
917,3,4,286
453,3,9,116
316,3,5,68
401,3,9,105
438,1,4,94
949,3,9,219
137,3,4,34
828,2,7,249
836,2,5,215
364,2,2,103
884,1,2,202
344,2,9,81
157,3,5,31
903,2,4,281
876,2,11,278
782,2,5,221
641,1,10,149
429,2,9,103
614,2,11,180
793,3,11,216
255,3,6,46
399,2,8,91
210,3,7,37
748,3,5,230
821,1,8,193
168,1,11,27
394,2,5,100
193,1,12,34
875,1,2,210
827,3,11,224
676,3,5,189
699,3,12,212
899,2,12,286
622,3,5,191
489,2,6,127
177,1,10,38
888,1,7,259
705,1,6,180
116,3,7,27
494,3,10,113
318,2,5,64
234,3,8,50
196,2,4,56
105,2,5,27
363,2,2,100
742,2,9,202
467,1,2,111
895,2,9,312
376,2,5,84
243,3,8,46
484,1,6,90
887,1,8,205
946,1,11,239
137,2,2,40
97,1,6,16
204,1,3,31
573,3,7,166
788,2,3,241
282,3,12,52
667,3,2,202
303,3,5,52
663,2,9,217
524,2,2,139
647,2,10,224
624,3,7,193
627,1,6,147
979,1,6,233
666,2,10,173
497,1,5,112
415,1,2,74
423,3,5,88
226,3,12,39
257,2,4,73
555,1,9,164
831,1,3,213
794,1,2,178
250,2,12,52
137,1,6,20
306,2,7,67
914,3,3,273
564,1,11,145
52,1,11,11
225,2,3,58
466,2,12,131
439,2,8,118
199,3,9,50
592,3,3,174
614,1,10,160
658,3,8,182
404,3,11,83
497,1,7,82
153,2,7,43
624,3,8,161
335,3,7,76
994,3,9,259
675,2,8,200
890,1,9,207
107,2,5,22
722,2,10,199
991,3,12,316
647,3,2,176
329,2,6,88
881,3,4,258
121,1,6,21
424,3,9,91
860,1,6,196
708,3,8,204
124,1,3,19
507,2,3,148
95,1,10,15
923,3,11,269
734,3,9,190
824,1,11,211
582,2,8,196
499,3,4,86
963,3,4,270
446,2,2,89
233,3,2,61
87,3,4,17
647,1,5,160
215,1,6,44
377,1,2,73
699,3,7,161
63,3,7,12
810,3,7,256
667,2,2,169
985,3,9,254
696,1,5,147
330,3,6,88
871,3,4,254
539,3,3,133
654,3,10,148
222,1,4,36
636,1,8,174
451,1,12,101
410,1,2,62
302,3,2,56
466,3,9,113
381,2,5,91
707,3,4,219
514,2,8,145
315,3,8,80
362,1,2,56
503,2,7,167
668,1,7,178
731,1,8,204
764,1,7,170
979,3,3,221
355,3,11,65
986,2,11,283
298,3,11,67
330,1,11,51
334,3,11,78
732,3,4,231
569,2,5,172
664,2,5,227
99,3,8,20
610,3,6,193
683,2,7,189
951,2,8,303
371,1,3,56
926,3,2,286
785,1,12,160
520,3,12,149
249,1,9,58
608,3,8,156
505,1,10,126
700,1,8,181
690,2,7,209
702,1,11,181
653,1,5,183
286,2,11,80
76,3,4,14
435,1,3,87
366,2,11,99
504,2,4,132
286,1,4,43
937,1,2,264
511,3,7,162
670,2,12,183
825,2,12,235
591,2,2,168
582,1,7,154
194,1,10,37
633,2,3,189
967,1,9,227
950,2,3,319
825,1,11,202
295,1,7,68
940,3,4,235
728,1,7,187
876,2,6,231
931,3,9,292
577,2,11,193
362,1,12,56
59,1,6,14
475,1,7,97
461,3,12,80
198,3,6,39
671,2,5,222
640,2,2,171
297,2,10,71
742,2,9,249
107,3,11,21
358,2,4,81
906,1,6,234
323,2,4,79
377,2,10,98
904,1,3,186
260,1,2,52
267,1,8,49
702,3,2,210
59,2,9,12
405,3,2,75
577,3,7,142
642,2,12,167
490,2,5,114
745,1,2,180
593,2,7,206
174,3,8,40
785,3,11,234
353,3,8,69
426,3,12,80
273,3,5,57
166,1,5,39
640,3,4,143
365,3,3,81
313,2,11,75
655,2,12,187
831,3,3,232
87,3,8,20
247,2,11,74
97,1,2,17
472,3,6,116
371,1,3,68
606,1,3,121
606,3,12,179
164,3,3,36
885,3,9,278
199,2,11,50
893,1,9,183
766,2,4,254
148,1,9,22
170,1,2,39
328,3,7,66
736,2,5,204
898,2,2,238
685,3,2,171
944,1,6,254
765,3,2,206
154,3,8,39
180,3,4,42
529,2,8,138
422,2,3,92
506,2,12,172
888,2,4,310
304,3,10,67
276,1,9,68
933,1,9,246
611,1,2,176
525,2,8,133
318,2,5,79
944,1,12,232
412,1,6,71
119,1,5,19
714,2,10,203
187,1,8,28
382,3,8,86
584,1,3,149
514,2,9,159
60,1,4,11
252,1,7,40
533,3,11,136
499,2,12,123
471,1,9,95
269,1,4,41
82,3,5,17
773,3,10,185
279,1,7,62
73,3,8,13
112,1,8,22
983,1,5,236
430,3,5,103
258,1,8,63
479,2,2,103
98,2,2,22
95,2,3,24
136,3,8,32
326,1,6,76
890,3,3,213
227,1,10,40
431,2,4,95
909,1,9,253
816,1,4,167
626,1,11,175
857,2,12,299
922,3,10,261
541,2,8,166
859,2,10,229
904,1,12,217
648,1,3,139
819,3,6,209
87,1,11,18
659,1,9,182
67,2,8,18
990,3,5,299
394,3,5,93
797,2,5,255
632,2,11,159
713,3,8,171
351,2,3,80
884,1,8,242
990,1,2,199
996,3,8,231
634,2,2,200
479,1,3,109
637,3,8,163
268,2,8,61
814,1,5,191
248,3,11,58
308,2,9,70
303,2,3,68
844,1,11,175
933,2,3,304
231,1,4,35
63,2,2,14
473,1,3,102
446,2,9,102
599,2,12,176
470,1,12,113
125,1,9,23
722,1,3,174
926,1,12,277
182,2,5,52
815,3,5,251
234,1,11,45
839,3,2,253
700,3,3,184
745,1,2,166
798,1,12,200
89,1,6,16
204,2,12,58
412,1,8,75
489,1,9,74
930,3,5,289
109,3,12,24
135,1,4,25
87,2,7,24
342,1,2,70
101,2,4,25
729,3,11,209
538,1,5,121
250,3,6,51
165,3,5,36
460,3,3,115
332,3,9,86
516,1,7,125
742,2,11,186
308,2,3,91
338,3,12,64
260,2,2,52
649,1,9,171
611,1,8,152
627,1,9,142
766,2,6,247
776,1,9,184
775,3,11,182
670,3,6,184
633,2,4,220
721,1,9,174
505,2,10,131
242,3,4,57
614,3,8,165
581,2,5,202
209,2,6,50
918,1,7,211
258,2,2,73
321,2,11,69
583,2,4,193
729,2,6,251
743,1,6,182
549,1,6,119
85,2,5,17
529,3,11,145
826,2,5,288
420,1,8,99
327,1,2,73
781,1,6,186
946,2,7,328
55,2,3,13
287,2,2,76
768,2,2,204
375,2,5,110
137,2,12,32
663,1,2,139
73,3,7,14
739,2,8,245
503,3,9,134
618,3,11,166
192,3,4,48
691,3,4,185
201,2,5,43
861,2,7,264
631,3,9,156
797,2,6,259
815,3,6,246
800,1,7,216
589,3,7,186
755,2,4,250
162,2,5,40
967,1,9,225
519,2,2,150
432,3,7,92
159,2,4,39
63,2,10,17
302,1,3,64
646,3,6,161
884,2,9,266
639,3,5,184
878,1,11,223
874,1,12,260
949,3,2,248
849,3,10,187
606,3,2,193
978,2,3,325
708,3,5,167
951,3,11,241
772,1,11,170
377,2,9,97
907,2,9,312
730,2,5,189
545,1,2,109
825,2,7,223
774,2,4,210
76,1,2,16
689,1,10,167
894,2,7,280
388,3,7,76
92,2,4,23
77,3,10,14
715,2,7,229
463,1,5,76
884,1,4,218
207,3,9,54
323,1,4,57
105,3,11,25
752,1,10,217
739,3,4,199
678,3,10,215
499,3,4,130
811,1,9,168
188,3,10,41
595,2,7,176
627,2,6,198
963,1,8,267
810,3,6,250
168,2,2,39
965,2,11,311
547,3,3,157
255,1,2,59
512,2,5,149
374,3,3,70
559,3,4,162
245,1,10,37
65,1,6,14
761,2,10,235
121,1,11,26
124,3,6,31
568,2,7,169
72,3,8,19
747,2,6,187
322,2,6,65
740,2,12,257
442,3,3,98
664,3,2,183
233,3,6,50
259,2,7,77
913,3,8,258
990,1,5,225
909,1,10,203
227,1,2,50
988,1,3,199
850,3,4,262
247,3,6,65
86,3,4,16
88,3,9,17
905,3,11,232
912,1,2,234
97,3,4,18
96,2,11,24
419,3,2,102
461,1,8,111
63,2,6,17
507,2,9,127
810,3,7,257
228,1,10,52
262,3,8,57
225,2,11,63
979,3,6,246
691,2,8,177
987,3,4,278
420,1,6,88
328,2,9,82
102,2,9,27
947,3,11,217
491,2,3,129
400,1,7,93
646,1,10,189
549,2,5,165
167,1,5,36
241,2,6,63
582,2,9,155
865,3,3,199
568,3,3,142
327,1,10,72
147,1,8,24
683,1,3,176
602,2,11,172
992,1,3,201
424,3,4,93
589,2,11,151
746,3,9,236
85,3,9,18
75,1,4,15
170,1,8,33
756,1,2,167
425,1,12,105
963,1,12,234
725,1,4,157
211,3,2,39
89,3,6,20
382,3,10,84
524,3,8,160
166,1,4,27
541,2,10,179
502,1,6,119
774,3,11,173
881,1,12,242
327,2,2,70
222,3,4,59
646,2,4,161
832,1,6,192
310,3,11,82
89,2,2,23
225,3,8,59
226,2,11,46
658,2,10,220
277,2,11,65
818,1,8,230
757,3,9,205
588,2,12,183
52,3,5,11
673,2,9,196
263,1,11,55
815,3,10,191
122,2,7,36
598,1,3,148
709,3,8,194
422,3,8,80
273,1,2,54
900,2,3,252
297,3,9,72
634,3,12,178
293,1,5,54
704,1,7,209
420,1,9,68
600,2,7,195
797,1,12,201
454,2,8,131
442,1,12,88
354,3,4,80
331,1,11,70
867,2,7,247
297,3,6,52
260,3,9,52
447,3,12,95
466,3,3,85
171,3,10,35
248,3,8,62
922,3,3,272
273,3,3,58
833,3,2,191
284,1,5,48
302,2,12,77
817,2,12,236
300,1,10,51
1000,2,8,280
968,1,9,282
119,1,8,21
971,3,7,255
925,2,9,243
730,3,12,199
485,1,2,87
195,3,7,43
977,1,12,219
415,3,11,91
324,3,12,58
581,1,7,139
561,1,12,158
744,1,3,166
825,1,3,193
134,1,11,30
529,2,6,153
374,3,11,96
310,1,5,61
752,1,4,220
354,1,6,84
758,2,9,205
648,3,10,193
758,3,10,223
805,3,8,218
325,2,2,90
420,1,5,88
527,3,3,150
433,1,2,106
904,3,7,275
803,3,6,242
519,2,7,132
405,3,2,72
91,3,10,18
973,2,3,327
132,1,12,21
607,1,11,148
717,2,6,187
466,1,8,114
88,3,2,19
562,2,7,143
294,3,3,51
854,3,2,249
688,1,4,139
570,2,8,142
572,1,6,136
348,1,6,73
796,1,5,179
220,2,12,62
660,1,9,163
801,1,9,233
808,2,5,208
658,1,4,162
229,3,11,51
773,2,5,245
757,1,2,155
587,1,4,167
559,1,4,145
900,1,8,200
563,3,12,148
573,2,10,193
760,3,12,216
667,2,6,199
114,3,12,24
344,1,10,59
515,2,10,167
337,2,3,67
714,1,12,166
229,1,6,51
187,3,11,41
186,2,9,49
779,2,3,271
196,1,3,37
166,3,9,39
209,2,8,43
591,2,8,199
920,3,9,268
561,1,2,145
276,3,6,47
588,2,8,184
692,3,11,186
417,1,5,99
329,1,10,75
193,3,10,48
239,3,6,63
205,1,11,46
511,3,11,155
463,1,4,112
327,2,11,68
104,1,10,24
98,1,7,20
849,3,8,257
243,3,11,64
629,1,3,137
524,1,3,148
760,2,11,206
554,3,12,130
488,2,3,105
923,3,11,247
668,1,9,166
205,1,3,47
939,3,7,253
121,1,7,22
749,3,4,185
256,3,2,57
137,2,3,32
780,2,6,260
276,2,8,65
606,1,12,156
410,3,7,79
386,2,6,89
458,3,5,98
789,2,6,255
626,1,4,177
758,3,11,171
289,2,2,83
886,2,9,248
343,2,12,76
172,1,5,39
370,1,2,70
771,3,4,215
111,3,8,20
716,2,4,179
59,1,4,9
799,3,3,177
913,3,4,266
271,3,3,55
781,3,9,216
434,2,2,125
883,2,7,277
436,2,7,100
791,2,6,276
150,1,7,36
915,2,6,312
443,2,7,116
926,2,3,298
460,1,4,72
363,1,4,66
466,3,3,88
371,1,6,77
266,1,11,51
689,1,6,151
193,1,12,45
859,2,6,243
223,1,8,54
540,3,6,145
55,3,3,14
214,2,5,49
790,1,9,212
151,1,12,31
336,1,4,53
171,2,10,35
112,1,2,20
908,3,8,220
349,2,8,82
193,3,10,45
122,1,8,30
140,3,5,30
993,2,3,271
59,1,11,8
416,2,7,91
861,1,7,187
825,1,12,180
793,2,5,271
450,3,6,81
568,1,5,161
251,3,6,46
927,2,10,271
246,1,6,42
686,2,11,181
971,3,5,252
552,2,12,156
405,3,11,102
73,2,7,18
703,2,4,214
950,1,10,200
343,3,4,73
488,3,7,83
305,1,8,64
63,1,3,11
133,1,8,26
695,3,8,168
301,3,12,72
721,1,4,208
782,1,11,227
487,2,10,121
856,2,5,244
60,1,5,14
513,1,11,123
916,1,4,242
832,1,5,204
472,1,3,71
833,3,2,264
728,3,9,185
924,1,9,186
776,2,11,252
954,3,8,265
890,3,12,270
610,1,3,143
327,2,7,82
555,2,11,177
542,2,12,187
513,3,2,119
611,1,11,150
532,1,2,146
789,2,7,266
215,3,11,43
508,2,11,128
345,1,11,57
53,2,5,15
204,2,9,49
790,1,2,205
793,3,6,214
400,1,6,90
278,3,11,63
163,3,11,42
548,2,12,185
205,2,4,51
93,3,9,21
256,1,10,59
469,3,3,81
88,1,11,20
298,3,9,52
100,2,12,26
354,1,6,81
233,1,3,48
93,2,12,22
642,2,2,175
106,2,2,28
482,2,7,104
280,1,6,50
733,2,9,192
826,3,6,254
827,3,3,239
338,2,11,68
290,2,11,60
485,3,9,100
160,1,5,35
417,1,10,72
281,2,3,84
636,3,10,173
245,1,10,47
65,1,3,12
577,3,12,176
673,2,10,235
845,1,12,188
489,1,4,83
337,2,9,79
366,3,11,81
352,3,2,80
80,1,4,19
220,1,11,51
760,1,5,155
695,3,7,195
155,3,9,32
129,3,3,27
980,2,2,249
515,3,4,156
249,2,10,52
445,1,4,89
387,1,11,81
330,1,11,63
979,1,4,288
894,2,4,300
491,2,3,99
811,3,8,182
391,2,4,101
185,2,5,54
886,2,11,260
674,3,9,173
791,3,10,219
768,2,12,263
118,1,11,24
626,3,11,157
365,3,4,64
233,2,4,55
105,3,3,26
483,3,10,99
325,2,2,83
767,1,6,214
831,3,11,219
366,3,9,87
470,3,12,96
93,1,11,17
531,1,6,146
909,1,9,238
859,3,6,252
841,1,8,215
91,1,6,14
90,1,3,13
671,2,12,228
294,2,10,72
124,2,9,31
338,1,2,74
601,2,12,155
896,1,4,265
193,2,5,49
865,3,2,232
87,1,6,19
434,3,5,109
727,3,11,184
952,1,10,237
208,1,10,44
994,2,3,308
972,1,7,275
574,3,4,134
135,2,7,29
100,1,3,16
366,3,5,93
724,2,12,242
122,3,8,28
262,1,3,49
535,1,5,150
757,2,8,189
248,1,8,59
684,2,12,221
850,3,11,214
689,2,5,239
121,2,5,35
316,2,7,76
190,3,12,46
597,2,7,155
913,1,3,249
214,2,7,51
675,3,10,198
795,2,11,223
980,1,4,279
344,3,11,91
135,3,12,28
968,3,9,218
392,2,8,94
356,3,9,84
365,1,11,63
495,2,11,122
810,2,12,249
105,2,4,27
496,3,10,115
395,2,8,91
841,1,4,190
989,2,5,291
983,2,2,329
584,1,2,133
744,1,7,217
726,1,9,170
249,3,8,61
409,3,4,82
367,2,9,89
741,3,8,213
679,2,9,223
672,1,8,192
505,3,8,150
477,1,9,114
628,3,10,156
819,1,2,244
734,3,4,165
767,2,12,264
558,1,8,142
679,2,4,223
380,3,4,77
55,1,12,13
998,2,7,270
733,1,2,158
88,2,10,22
128,2,5,37
501,1,2,126
419,2,5,116
387,1,12,79
882,1,11,241
693,1,11,143
960,3,3,269
213,3,11,41
658,2,3,179
74,1,11,17
938,2,4,250
842,3,11,246
528,1,3,136
939,2,5,310
195,3,2,42
662,2,2,184
417,2,7,102
960,2,2,265
728,1,12,207
60,3,10,14
495,1,12,78
398,2,8,108
613,3,3,177
62,1,5,10
314,1,10,57
430,2,10,115
649,3,7,200
755,2,8,213
638,1,11,189
172,3,6,44
932,2,12,258
827,1,2,202
776,2,4,263
187,3,8,45
979,2,12,302
151,3,8,36
717,3,8,215
664,1,2,195
236,1,2,49
747,3,7,170
516,3,5,127
608,1,7,130
940,2,5,293
990,2,8,265
521,2,12,148
379,2,2,80
635,3,8,191
926,1,6,220
549,3,10,135
86,2,7,18
308,2,10,79
226,3,11,42
163,1,12,34
318,3,6,72
279,1,2,57
847,3,3,237
67,2,4,14
79,2,3,23
464,1,11,89
382,2,6,96
888,2,12,230
224,1,3,47
699,3,6,218
569,1,9,126
364,1,5,70
797,3,6,213
848,3,5,224
113,2,8,28
103,1,2,16
578,3,12,145
356,1,3,69
283,1,9,63
387,1,7,92
100,1,4,22
803,1,8,168
233,1,3,35
347,3,11,82
473,3,9,102
886,3,7,245
445,1,5,85
453,1,4,86
356,2,12,98
749,1,6,161
113,2,7,33
494,2,2,101
149,3,10,33
510,1,7,104
266,2,10,66
979,3,5,226
848,2,4,264
809,1,5,168
755,3,4,213
460,2,7,128
430,3,5,98
867,3,11,228
458,1,5,114
720,3,12,195
938,1,3,259
174,2,5,40
806,2,7,278
295,3,4,61
121,2,2,31
543,3,3,167
293,1,11,53
146,2,6,38
101,3,4,20
183,2,2,50
92,1,2,19
387,2,11,81
687,2,2,172
965,2,6,314
205,1,7,35
562,3,10,174
304,1,3,75
684,3,12,165
607,1,10,140
744,2,10,190
744,1,11,149
345,2,12,94
103,3,4,27
314,1,10,58
880,1,9,178
714,3,7,192
979,3,3,234
929,3,5,223
178,2,12,52
297,3,4,71
638,2,7,201
898,1,7,216
367,2,6,97
466,3,12,116
365,1,10,89
206,3,5,48
876,1,8,200
409,1,12,96
514,2,12,134
431,2,10,109
730,1,3,214
916,3,2,213
893,3,9,241
424,1,8,75
612,2,7,164
143,2,9,37
409,3,12,79
184,1,4,31
372,2,5,85
182,2,10,50
900,3,11,219
349,3,8,74
600,1,6,139
80,2,6,23
77,1,11,13
100,2,6,23
283,3,7,57
58,3,12,15
505,1,8,125
922,1,9,193
948,2,11,294
404,1,11,61
722,3,5,189
297,2,12,67
272,3,8,50
933,3,9,233
843,3,3,202
856,3,7,194
401,2,10,98
396,3,3,70
846,3,3,256
146,1,10,33
646,2,8,206
187,2,6,49
250,3,9,63
852,2,6,279
111,3,3,19
872,1,9,204
229,3,5,43
261,1,9,54
964,3,3,227
831,3,3,229
572,2,8,166
325,1,3,52
366,1,10,62
223,3,12,45
140,2,12,32
372,1,10,91
145,3,3,31
55,1,11,10
163,1,11,34
832,3,5,218
659,2,8,182
574,1,3,154
829,2,7,222
196,2,4,43
928,2,3,313
198,1,6,37
625,1,5,174
853,1,9,198
74,2,3,17
625,1,6,180
826,2,9,237
174,1,5,34
155,2,3,45
174,1,9,28
429,2,9,105
311,2,5,71
160,2,6,32
904,2,8,240
492,3,11,132
664,1,4,156
171,2,5,44
658,1,2,150
220,3,10,52
502,2,3,168
452,3,7,90
616,1,8,183
87,3,8,18
214,2,7,45
164,3,10,35
251,3,12,54
964,3,8,279
885,1,3,236
92,2,2,19
247,3,4,59
857,3,2,232
934,2,7,249
435,3,11,77
902,2,6,244
808,1,6,217
583,3,9,164
306,1,9,46
618,2,9,212
873,3,7,268
560,1,9,115
805,3,6,185
308,2,4,87
128,1,5,27
689,3,11,159
965,3,7,272
841,1,12,188
747,2,7,242
946,2,2,295
887,1,4,190
849,3,11,255
207,3,7,41
589,1,9,164
143,2,12,41
91,3,10,20
952,2,2,299
478,3,6,91
302,3,6,64
729,1,3,200
69,1,12,15
411,2,12,98
691,1,8,201
503,2,9,156
112,1,3,17
351,2,7,100
928,3,5,213
353,1,10,73
753,2,3,202
866,3,8,268
569,2,9,165
259,3,5,49
169,2,8,45
545,3,12,128
823,2,3,249
691,1,12,148
189,3,2,48
919,1,11,208
403,2,8,86
953,2,2,270
602,3,6,177
796,1,12,180
314,1,6,69
864,2,9,283
654,2,7,203
664,3,6,192
434,1,9,83
732,2,9,201
894,3,7,243
478,2,7,140
513,3,7,150
415,1,3,62
92,2,2,23
480,3,2,104
969,1,11,265
869,3,5,225
146,3,8,37
519,3,7,147
996,2,12,288
484,1,11,103
712,3,3,185
376,2,2,98
947,1,10,263
553,1,11,164
470,1,3,91
307,3,8,81
728,2,3,240
125,1,6,28
584,2,11,147
378,1,11,64
694,2,5,211
792,1,5,182
184,3,6,32
474,2,12,138
897,3,3,232
134,2,11,40
992,3,9,265
829,3,2,193
487,2,3,100
554,1,5,136
297,2,6,80
666,2,12,216
703,3,2,161
903,2,2,278
140,2,5,28
385,3,7,68
284,2,2,82
652,2,9,227
185,3,4,32
384,3,5,93
750,3,9,202
456,2,7,100
413,2,6,100
228,3,2,40
552,3,12,169
63,1,12,14
757,1,6,162
849,2,10,233
486,1,8,114
927,3,4,273
580,2,2,187
422,2,2,112
210,2,12,47
423,2,12,103
705,2,3,234
872,3,3,253
237,1,11,42
106,1,10,22
484,3,11,109
911,2,4,246
309,3,7,82
269,2,9,70
756,1,7,212
402,1,9,94
151,3,11,40
506,3,9,128
147,2,12,39
983,3,9,290
114,1,9,27
200,1,3,33
323,2,5,79
762,3,3,217
538,1,2,153
186,3,9,40
144,3,5,36
509,2,2,152
450,1,7,97
443,2,3,102
783,1,12,212
458,3,3,90
567,3,5,145
677,3,8,176
70,3,12,12
151,1,9,29
63,1,11,9
497,2,10,118
68,1,3,10
53,2,9,10
973,2,12,285
245,3,11,48
352,2,10,91
630,2,10,180
986,2,3,322
141,1,6,25
204,2,2,43
338,3,6,60
934,1,3,227
587,2,5,196
849,3,9,229
410,1,9,74
553,1,6,134
868,1,7,229
128,1,8,22
339,1,4,77
387,2,11,114
324,2,12,73
542,2,12,159
276,1,10,49
317,3,12,69
773,2,3,230
105,3,8,24
514,1,5,130
983,3,12,274
78,1,4,15
884,3,6,265
90,3,6,23
478,2,6,120
141,2,10,39
400,3,2,79
398,2,5,84
541,3,11,144
121,1,2,20
294,3,5,71
299,2,4,75
249,3,2,43
452,1,10,80
522,2,12,153
672,2,2,189
210,2,9,46
339,2,9,79
806,2,12,214
601,1,9,154
961,2,9,307
745,2,2,230
329,1,6,75
815,3,4,208
753,3,11,234
770,2,10,215
489,2,2,112
858,3,2,255
850,1,6,235
952,1,3,261
467,3,3,119
775,1,12,172
565,3,11,168
820,2,8,219
936,2,3,309
344,1,2,81
826,2,12,278
680,1,3,147
511,1,4,109
80,1,10,16
499,3,5,115
649,1,11,152
90,2,11,24
682,3,2,156
644,1,11,177
161,2,12,42
808,2,11,234
927,1,11,231
416,1,12,70
596,1,8,176
273,2,5,68
928,2,2,269
75,3,6,15
135,2,6,32
696,1,9,165
652,3,2,148
58,1,11,10
50,3,9,9
524,3,5,161
491,1,2,106
808,2,4,221
477,2,2,118
680,1,2,197
927,2,5,280
422,2,9,99
471,1,11,106
751,1,4,207
341,3,11,67
721,3,5,214
851,3,5,187
357,3,12,85
955,2,12,263
455,1,2,111
351,1,11,57
537,1,8,131
121,3,11,29
775,2,4,248
583,3,5,172
611,1,4,150
58,1,2,13
850,1,9,243
341,2,6,80
473,3,10,100
238,2,11,51
468,3,4,113
855,1,8,228
263,2,9,68
832,2,10,228
791,1,4,187
301,3,11,66
832,3,3,234
676,2,10,206
303,1,4,65
581,2,3,200
924,3,8,269
809,1,9,173
171,1,11,36
247,2,12,66
108,2,12,31
660,1,3,165
979,3,7,285
531,1,10,116
883,1,10,195
512,2,4,145
218,1,8,35
996,3,3,272
266,1,8,42
432,2,9,94
411,3,11,97
420,3,12,105
74,2,5,19
371,2,3,82
678,3,7,180
578,1,12,143
453,1,12,96
999,1,7,218
60,3,9,12
133,3,11,27
455,2,3,134
478,3,12,95
712,1,8,160
122,1,3,27
597,2,11,155
701,2,2,192
504,3,2,135
706,3,8,168
319,1,5,52
670,2,5,217
757,2,8,248
143,2,11,31
352,1,4,60
457,1,4,74
744,3,11,217
703,1,11,145
738,2,10,225
741,2,7,252
85,3,2,14
699,1,5,187
200,1,2,42
193,2,4,52
661,3,9,194
739,3,7,186
378,1,2,84
268,3,4,55
851,2,5,253
238,2,11,53
732,2,5,185
846,3,6,266
933,3,3,235
445,2,2,128
433,2,9,103
808,3,3,250
915,2,9,233
236,2,8,68
53,3,10,13
936,1,3,277
519,1,4,120
208,3,10,50
897,3,12,202
366,1,9,81
714,2,8,222
996,2,9,265
392,1,3,97
249,3,12,48
687,1,7,170
233,2,3,50
349,2,4,76
821,3,9,253
857,2,4,291
409,3,5,103
118,2,12,31
845,3,7,234
172,1,12,32
659,2,2,209
519,2,6,152
201,2,10,43
514,1,8,138
547,2,8,174
706,1,6,171
430,1,12,74
906,2,8,250
671,3,10,165
939,1,2,277
991,1,9,199
100,2,3,25
509,3,8,124
613,3,4,142
873,1,11,259
316,3,2,66
287,1,9,66
129,2,11,29
705,3,2,219
449,1,9,75
800,2,2,216
445,3,2,99
722,3,7,225
87,3,9,21
460,1,6,112
448,3,2,108
228,1,11,50
372,1,7,66
516,2,2,165
215,3,3,38
396,3,4,97
632,1,8,153
828,3,11,242
613,1,11,131
492,2,5,123
626,2,4,181
345,1,10,80
862,1,6,258
734,1,3,175
525,2,4,173
983,2,8,246
745,3,9,227
637,2,2,210
366,3,12,89
212,1,6,52
241,3,8,48
263,1,4,46
574,2,12,164
704,1,6,157
581,2,5,147
90,1,2,18
708,1,7,170
436,1,11,73
680,2,7,203
129,3,5,27
680,1,3,155
772,3,9,214
100,1,12,15
83,1,12,18
350,2,10,102
167,1,9,38
709,2,10,196
386,1,12,78
650,3,5,193
797,2,12,242
796,1,9,230
186,1,10,37
859,3,12,259
803,3,8,218
434,3,7,90
193,1,4,43
294,1,11,64
432,2,11,115
620,1,12,132
464,1,7,92
125,2,11,33
844,3,7,223
953,1,6,285
581,2,5,187
158,3,9,26
532,3,3,148
786,3,12,233
134,2,11,36
647,3,6,187
459,1,10,112
373,3,10,85
380,1,7,77
720,3,4,229
304,1,11,68
273,2,9,56
488,1,10,80
881,1,3,257
385,1,3,67
743,1,12,208
94,1,4,16
247,2,4,56
570,3,5,174
468,2,3,111
790,1,4,215
347,3,8,76
845,3,5,269
343,2,8,72
642,3,7,149
576,1,8,164
613,2,8,167
350,3,12,73
548,2,6,160
323,1,5,79
388,3,7,88
154,2,12,43
688,2,3,182
670,1,9,153
105,3,9,27
860,2,3,261
296,2,7,61
831,1,9,228
160,2,2,43
484,3,10,86
939,2,5,235
494,1,3,88
421,3,6,76
241,1,9,36
147,2,7,35
689,1,11,172
694,2,5,187
904,3,2,207
325,1,4,73
794,3,8,176
237,2,2,56
623,3,11,187
365,2,7,80
996,2,6,343
100,2,2,24
184,1,10,31
171,2,4,50
384,3,8,101
94,3,7,18
223,1,8,39
384,2,12,100
62,1,6,13
595,1,5,126
79,2,8,17
182,3,6,32
556,1,2,134
435,1,7,84
325,3,9,87
153,2,10,43
304,2,7,82
489,2,9,134
883,2,11,300
283,2,7,67
235,2,5,62
196,3,10,50
414,1,12,100
210,3,6,36
993,2,3,272
243,1,2,37
890,3,9,284
633,3,6,167
511,2,11,142
652,2,10,180
702,2,7,241
190,2,2,47
803,3,4,248
66,3,10,17
936,1,7,203
801,1,4,233
95,1,5,18
132,2,2,36
846,3,2,214
669,3,8,185
411,2,10,88
704,2,7,241
695,2,6,211
441,1,5,83
361,1,3,80
467,3,4,110
708,1,7,169
287,1,11,53
60,3,9,12
439,1,10,99
255,3,3,44
787,3,11,189
104,2,2,27
306,1,4,75
134,1,8,20
667,2,11,218
259,1,10,44
185,1,2,40
565,2,9,186
491,2,12,146
307,3,8,61
349,2,8,90
153,1,4,29
773,1,3,188
542,3,2,151
132,2,6,35
162,1,7,32
208,1,10,46
934,3,7,255
299,3,10,59
141,1,11,30
228,3,12,45
378,2,12,102
517,2,5,142
524,2,9,176
393,2,8,94
200,1,4,43
796,3,8,251
603,2,6,173
486,3,9,110
583,3,8,142
740,2,6,249
658,2,12,208
629,3,12,148
88,2,6,23
508,2,4,172
952,3,4,302
841,2,7,283
347,3,10,91
188,1,10,33
602,3,9,161
389,1,5,76
637,2,9,162
358,1,12,88
104,3,3,25
591,3,2,175
486,3,8,104
280,1,8,54
516,2,4,132
991,1,12,218
746,2,2,228
944,2,7,241
880,1,7,243
636,3,8,173
486,3,9,105
692,3,9,189
807,1,12,241
630,2,4,177
279,1,7,48
114,1,8,21
213,3,9,51
458,2,3,136
556,1,9,161
461,3,8,86
204,3,5,54
195,2,7,56
176,3,5,35
447,1,12,88
723,1,12,168
512,3,7,155
785,2,11,246
343,2,8,80
110,1,10,25
689,3,9,216
903,3,7,216
58,1,5,10
225,1,6,47
386,2,7,107
764,1,3,203
991,2,6,321
505,2,2,129
815,2,9,257
908,2,12,244
375,1,5,90
91,1,3,17
464,1,11,92
310,2,11,92
806,3,7,202
563,1,9,143
656,3,3,200
444,2,7,95
939,1,6,233
264,1,5,52
217,3,6,55
231,2,11,59
753,1,10,211
702,2,6,182
779,2,11,240
576,2,3,169
976,3,7,244
692,3,3,216
256,1,12,45
254,3,9,48
705,1,4,154
788,3,11,214
508,2,10,148
152,1,11,26
947,1,10,223
837,3,8,253
629,1,3,163
467,1,4,84
145,1,5,31
175,3,10,36
586,2,2,178
310,3,5,65
882,2,3,307
216,2,6,47
600,3,6,141
574,2,10,189
587,3,9,160
293,3,6,66
199,3,5,34
187,2,7,46
691,2,10,177
681,1,9,139
192,2,8,42
184,2,7,47
746,1,10,162
971,3,6,225
196,3,8,38
518,2,3,135
481,1,7,94
401,3,5,102
83,3,11,16
908,2,10,296
514,1,5,151
771,2,7,237
462,3,7,108
205,2,11,55
715,1,2,182
223,2,5,61
811,2,3,260
874,2,4,301
174,2,2,35
465,1,3,106
738,1,4,171
774,2,9,216
956,3,8,253
807,3,3,247
663,1,6,177
914,2,8,242
94,2,4,21
254,2,11,76
760,3,6,178
425,2,5,88
234,1,2,37
730,1,8,168
104,3,10,22
312,3,11,83
433,2,4,92
412,3,9,86
742,2,4,190
870,1,11,212
131,2,5,36
583,2,7,151
685,3,4,200
199,2,2,48
812,1,11,207
655,1,11,177
374,3,2,65
267,1,7,47
954,1,6,236
801,2,11,212
563,2,10,176
619,1,10,127
586,2,6,169
872,2,4,261
156,3,8,39
850,1,2,221
491,1,8,103
312,2,8,92
842,2,11,273
912,2,8,289
691,3,3,201
183,1,5,28
232,2,11,49
695,2,4,193
363,1,10,83
78,2,10,19
126,3,5,22
438,2,3,127
240,3,8,42
938,2,4,295
600,1,5,157
97,2,5,23
219,2,8,54
552,3,2,124
107,2,5,24
789,1,11,194
499,1,7,116
635,1,8,184
637,3,4,160
372,2,8,87
